Rank,Country code,Country name,Continental region,Tariffs measured,Average price of 1KW/h (local currency),Currency,Conversion rate (USD) ,Average price of 1KW/h (USD),Cheapest 1KW/h (Local currency),Cheapest KW/h (USD),Most expensive KW/h (Local currency),Most expensive KW/h (USD),Sample date
1,LY,Libya,NORTHERN AFRICA,3,0.03,LYD,0.21668472,0.0065005416,0.02,0.0043336944,0.05,0.010834236,2021-07-02
2,AO,Angola,SUB-SAHARAN AFRICA,4,7.3073999999999995,AOA,0.0017397052,0.012712721778479999,2.8044,0.00487882926288,16.8036,0.029233310298720002,2021-05-13
3,SD,Sudan,SUB-SAHARAN AFRICA,1,6.35,SDG,0.002283105,0.01449771675,6.35,0.01449771675,6.35,0.01449771675,2021-09-08
4,KG,Kyrgyzstan,CIS (FORMER USSR),16,1.465,KGS,0.011792452,0.01727594218,0.77,0.009080188040000001,2.16,0.02547169632,2021-06-23
5,ZW,Zimbabwe,SUB-SAHARAN AFRICA,6,7.44,ZWL,0.002763,0.02055672,2.12,0.0058575599999999995,12.74,0.035200619999999995,2021-10-25
6,TJ,Tajikistan,CIS (FORMER USSR),1,0.0232,USD,1.0,0.0232,0.0232,0.0232,0.0232,0.0232,2021-10-20
7,UZ,Uzbekistan,CIS (FORMER USSR),1,295.0,UZS,9.266123e-05,0.02733506285,295.0,0.02733506285,295.0,0.02733506285,2021-10-13
8,GN,Guinea,SUB-SAHARAN AFRICA,2,307.572,GNF,0.00010638297,0.03272042284884,290.7,0.030925529378999998,332.88,0.0354127630536,2021-07-05
9,DZ,Algeria,NORTHERN AFRICA,18,4.555001,DZD,0.007199223,0.032792467964223,1.3134500000000002,0.009455819449350002,9.656493,0.069519246504939,2021-06-07
10,KW,Kuwait,NEAR EAST,3,0.033,USD,1.0,0.033,0.016,0.016,0.049,0.049,2021-07-13
11,ET,Ethiopia,SUB-SAHARAN AFRICA,7,1.6375,ETB,0.021164021,0.0346560843875,0.273,0.0057777777330000005,2.0343,0.0430539679203,2021-06-07
12,QA,Qatar,NEAR EAST,8,0.13,QAR,0.2746498,0.035704474,0.11,0.030211478,0.26,0.071408948,2021-08-09
13,BT,Bhutan,ASIA (EX. NEAR EAST),6,2.68,BTN,0.01333366,0.03573420880000001,1.28,0.0170670848,4.1,0.054668006,2021-05-25
14,YE,Yemen,NEAR EAST,6,9.0,YER,0.00399602,0.035964180000000005,6.0,0.023976120000000004,19.0,0.07592438,2021-10-19
15,IQ,Iraq,NEAR EAST,4,57.5,IQD,0.00068469702,0.03937007865,10.0,0.0068469702,120.0,0.0821636424,2021-07-06
16,KZ,Kazakhstan,CIS (FORMER USSR),28,17.21216,KZT,0.002284252,0.039316910904320004,11.0992,0.0253533697984,26.3088,0.060095929017600004,2021-06-28
17,MN,Mongolia,ASIA (EX. NEAR EAST),13,116.578,MNT,0.0003499,0.0407906422,84.80999999999999,0.029675018999999997,143.08800000000002,0.05006649120000001,2021-07-12
18,EG,Egypt,NORTHERN AFRICA,5,0.65,EGP,0.06361485,0.0413496525,0.38,0.024173643,1.45,0.0922415325,2021-06-05
19,IR,Iran,ASIA (EX. NEAR EAST),60,1875.89,IRR,2.3668639e-05,0.04439976321371,218.00000000000003,0.005159763302,7122.06,0.16856946707634,2021-06-18
20,BH,Bahrain,NEAR EAST,6,0.016800000000000002,BHD,2.652309,0.0445587912,0.00315,0.008354773349999999,0.03045,0.08076280905,2021-05-21
21,PR,Puerto Rico,CARIBBEAN,4,0.04944,USD,1.0,0.04944,0.00694,0.00694,0.05564,0.05564,2021-08-03
22,RU,Russian Federation,CIS (FORMER USSR),60,3.73,RUB,0.0134,0.049982,1.74,0.023316,7.1,0.09514,2021-08-17
23,MM,Myanmar,ASIA (EX. NEAR EAST),7,90.0,MMK,0.0005584023,0.050256207000000004,35.0,0.0195440805,125.0,0.0698002875,2021-07-12
24,AZ,Azerbaijan,CIS (FORMER USSR),2,0.086,AZN,0.58823529,0.05058823493999999,0.07,0.041176470300000004,0.11,0.0647058819,2021-07-05
25,OM,Oman,NEAR EAST,32,0.02,OMR,2.597737,0.05195474,0.01,0.02597737,0.03,0.07793211,2021-07-27
26,MX,Mexico,CENTRAL AMERICA,25,1.137,MXN,0.04600324,0.05230568388,0.627,0.02884403148,5.186,0.23857280264,2021-07-19
27,AR,Argentina,SOUTH AMERICA,60,5.315944271999999,ARS,0.0099077685,0.05266914520587703,2.4714415228999997,0.024486470470180648,15.1600904483,0.15020266660081763,2021-05-14
28,TT,Trinidad and Tobago,CARIBBEAN,3,0.36,TTD,0.14737139999999999,0.05305370399999999,0.2925,0.04310613449999999,0.41625,0.06134334524999999,2021-10-06
29,PY,Paraguay,SOUTH AMERICA,9,365.45,PYG,0.000146529,0.05354902305,311.55,0.045651109950000004,435.51,0.06381484479,2021-08-09
30,UA,Ukraine,CIS (FORMER USSR),2,1.56,UAH,0.03675085,0.057331326,1.44,0.052921224,1.68,0.061741428,2021-10-13
31,BN,Brunei Darussalam,ASIA (EX. NEAR EAST),8,0.08,BND,0.7308734,0.058469872,0.01,0.007308734,0.12,0.087704808,2021-05-24
32,LB,Lebanon,NEAR EAST,10,88.8,LBP,0.00065274151,0.057963446088,38.85,0.0253590076635,222.0,0.14490861522,2021-06-29
33,SA,Saudi Arabia,NEAR EAST,2,0.22800000000000004,SAR,0.2665594,0.06077554320000001,0.18,0.047980692,0.3,0.07996782,2021-08-17
34,TN,Tunisia,NORTHERN AFRICA,6,0.176,TND,0.3466808,0.061015820799999995,0.062,0.0214942096,0.414,0.1435258512,2021-10-08
35,RS,Serbia,EASTERN EUROPE,18,6.408,RSD,0.009583004000000001,0.06140788963200001,1.602,0.015351972408000002,19.224,0.18422366889600003,2021-09-08
36,LK,Sri Lanka,ASIA (EX. NEAR EAST),10,13.0,LKR,0.0049325490000000005,0.06412313700000001,2.5,0.012331372500000002,54.0,0.266357646,2021-06-28
37,SR,Suriname,SOUTH AMERICA,2,1.4036,SRD,0.046481360000000006,0.065241236896,1.15,0.053453564,1.784,0.08292274624000001,2021-08-31
38,AF,Afghanistan,ASIA (EX. NEAR EAST),5,6.25,AFN,0.01039511,0.0649694375,2.5,0.025987775,10.0,0.1039511,2021-07-05
39,LA,Lao People's Democratic Republic,ASIA (EX. NEAR EAST),6,718.5384615384615,LAK,9.2123445e-05,0.06619423844192307,355.0,0.032703822975,1019.0,0.093873790455,2021-11-23
40,BY,Belarus,CIS (FORMER USSR),26,0.17568,BYR,0.39,0.0685152,0.041687999999999996,0.01625832,0.552,0.21528000000000003,2021-05-26
41,ZM,Zambia,SUB-SAHARAN AFRICA,3,1.01,ZMW,0.055,0.05555,0.56,0.030800000000000004,2.31,0.12705,2021-10-20
42,TZ,Tanzania,SUB-SAHARAN AFRICA,6,159.0,TZS,0.00043421622999999997,0.06904038056999999,100.0,0.043421623,350.0,0.1519756805,2021-10-07
43,MY,Malaysia,ASIA (EX. NEAR EAST),12,0.295,MYR,0.2359326,0.06960011699999999,0.18,0.042467868,0.571,0.13471751459999998,2021-09-08
44,PL,Poland,EASTERN EUROPE,31,0.28975,PLN,0.2404848,0.0696804708,0.0445,0.0107015736,0.5327,0.12810625296,2021-08-03
45,TR,Turkey,NEAR EAST,1,0.91,TRY,0.07792717,0.0709137247,0.91,0.0709137247,0.91,0.0709137247,2021-10-13
46,AM,Armenia,CIS (FORMER USSR),12,34.98,AMD,0.002058206,0.07199604587999998,19.99,0.041143537939999995,47.98,0.09875272387999999,2021-05-13
47,AE,United Arab Emirates,NEAR EAST,38,0.28140000000000004,AED,0.27226069999999997,0.07661416098,0.07035000000000001,0.019153540245,0.46725000000000005,0.127213812075,2021-05-20
48,ZA,South Africa,SUB-SAHARAN AFRICA,33,1.2338,ZAR,0.06177034,0.076212245492,0.9313,0.057526717642,3.168,0.19568843712,2021-10-20
49,SY,Syria,NEAR EAST,1,0.078,USD,1.0,0.078,0.078,0.078,0.078,0.078,2021-09-09
50,NP,Nepal,ASIA (EX. NEAR EAST),42,9.5,NPR,0.00833323,0.079165685,3.0,0.02499969,12.0,0.09999876,2021-07-27
51,PE,Peru,SOUTH AMERICA,60,0.323,PEN,0.24731049,0.07988128827,0.2459,0.060813649491,2.1528,0.532410022872,2021-07-28
52,BD,Bangladesh,ASIA (EX. NEAR EAST),35,6.8999999999999995,BDT,0.01165848,0.080443512,4.3125,0.050277195000000004,13.202,0.15391525296,2021-05-19
53,VN,Vietnam,ASIA (EX. NEAR EAST),31,1839.0,VND,4.40626e-05,0.0810311214,1403.0,0.0618198278,2713.0,0.1195418338,2021-10-15
54,LS,Lesotho,SUB-SAHARAN AFRICA,2,1.3161366666666663,LSL,0.061500615,0.08094321442404998,0.836395,0.051438806882925,1.69993,0.10454674045695,2021-06-29
55,PK,Pakistan,ASIA (EX. NEAR EAST),52,14.38,PKR,0.0056657223,0.08147308667400001,2.0,0.0113314446,25.64,0.14526911977200002,2021-08-02
56,CN,China,ASIA (EX. NEAR EAST),3,0.5383,CNY,0.15654106,0.084266052598,0.4883,0.076438999598,0.7883,0.12340131759800001,2021-07-02
57,TL,Timor-Leste,ASIA (EX. NEAR EAST),2,0.085,USD,1.0,0.085,0.05,0.05,0.12,0.12,2021-10-05
58,MD,Moldova,EASTERN EUROPE,3,1.51,MDL,0.056495000000000004,0.08530745,0.89,0.05028055000000001,2.04,0.11524980000000001,2021-07-19
59,BA,Bosnia and Herzegovina,EASTERN EUROPE,39,0.14808923999999998,BAM,0.5773148,0.08549410997275199,0.07262423999999999,0.041927048590752,0.27503424,0.158781337258752,2021-06-08
60,MK,Macedonia,EASTERN EUROPE,11,4.72,MKD,0.018281350000000002,0.086287972,2.11,0.0385736485,10.42,0.190491667,2021-07-07
61,GE,Georgia,CIS (FORMER USSR),15,0.273701,GEL,0.32310177,0.08843327755077002,0.0165892,0.005359999882883999,0.3984774,0.128748753244998,2021-07-05
62,NC,New Caledonia,OCEANIA,14,9.7,XPF,0.009403048,0.0912095656,9.0,0.084627432,31.4,0.2952557072,2021-07-20
63,IN,India,ASIA (EX. NEAR EAST),58,6.9057375,INR,0.01331045,0.09191847370687499,1.5585244999999999,0.020744662431024997,16.34921,0.2176153422445,2021-06-17
64,MW,Malawi,SUB-SAHARAN AFRICA,6,75.3,MWK,0.0012269938,0.09239263314,49.3,0.06049079434,117.3,0.14392637274,2021-07-14
65,CG,Congo,SUB-SAHARAN AFRICA,16,53.7608,XAF,0.0017212260000000002,0.09253448674080002,39.176,0.06743074977600001,60.27439999999999,0.1037458644144,2021-05-31
66,NO,Norway,WESTERN EUROPE,60,0.8410076923076922,NOK,0.1105285,0.09295531871923077,0.6296846153846154,0.06959809601153846,1.3627,0.15061718695,2021-07-26
67,BW,Botswana,SUB-SAHARAN AFRICA,2,1.13686,BWP,0.08480318,0.0964093432148,0.9839,0.083437848802,1.3663,0.11586658483400002,2021-05-25
68,HR,Croatia,EASTERN EUROPE,34,0.6587,HRK,0.14961548,0.09855171667599999,0.3762,0.05628534357599999,1.055,0.15784433139999998,2021-06-15
69,BR,Brazil,SOUTH AMERICA,60,0.558384675,BRL,0.17778729999999998,0.09927370372962749,0.06279795,0.011164677976034999,0.913836275,0.16246848397430746,2021-05-25
70,SK,Slovakia,EASTERN EUROPE,28,0.08858579999999999,EUR,1.12675,0.09981405014999999,0.0373,0.042027774999999996,0.1982996,0.22343407429999998,2021-08-24
71,HU,Hungary,EASTERN EUROPE,44,32.77,HUF,0.003061097,0.10031214869,22.69,0.06945629093000001,43.42,0.13291283174000001,2021-06-15
72,CD,Congo (Democratic Republic of),SUB-SAHARAN AFRICA,6,201.13356,CDF,0.0004995004899999999,0.10046631177544438,59.184128,0.029562500936222716,716.6828,0.357983409774572,2021-10-25
73,ID,Indonesia,ASIA (EX. NEAR EAST),2,1444.7,IDR,6.967199999999999e-05,0.1006551384,1444.7,0.1006551384,1444.7,0.1006551384,2021-06-15
74,CI,Côte d'Ivoire,SUB-SAHARAN AFRICA,6,59.95,XOF,0.001713796,0.10274207020000001,24.630000000000003,0.04221079548000001,82.57,0.14150813571999998,2021-06-01
75,MZ,Mozambique,SUB-SAHARAN AFRICA,6,6.63,MZN,0.01565733,0.10380809790000001,1.07,0.016753343100000002,9.85,0.1542247005,2021-07-19
76,EC,Ecuador,SOUTH AMERICA,1,0.105,USD,1.0,0.105,0.105,0.105,0.105,0.105,2021-06-05
77,TH,Thailand,ASIA (EX. NEAR EAST),27,3.6237,THB,0.029647200000000002,0.10743255864000001,2.3488,0.06963534336000002,5.7982,0.17190039504,2021-09-28
78,CR,Costa Rica,CENTRAL AMERICA,6,69.11,CRC,0.0015928000000000001,0.110078408,23.77,0.037860856000000005,171.24,0.27275107200000004,2021-11-01
79,ST,São Tomé and Príncipe,SUB-SAHARAN AFRICA,3,3.45,STN,0.04602,0.158769,1.7,0.078234,3.8,0.17487599999999998,2021-08-31
80,BO,Bolivia,SOUTH AMERICA,43,0.7510619469026548,BOB,0.14511369999999998,0.10898937804424777,0.011973451327433628,0.0017375118238938051,1.3286721238938053,0.19280852798508846,2021-05-24
81,MU,Mauritius,SUB-SAHARAN AFRICA,11,4.74,MUR,0.022678303,0.10749515622000001,2.18,0.049438700540000005,8.77,0.19888871731,2021-07-14
82,US,United States,NORTHERN AMERICA,60,0.109147,USD,1.0,0.109147,0.01894,0.01894,0.59,0.59,2021-10-19
83,,Namibia,SUB-SAHARAN AFRICA,60,1.6287000000000003,NAD,0.061500615,0.10016605165050002,0.855,0.052583025825,5.1016,0.31375153748400003,2021-07-19
84,SZ,Eswatini,SUB-SAHARAN AFRICA,5,1.8021,SZL,0.061709348000000004,0.1112064160308,1.0864,0.0670410356672,3.9491,0.2436963861868,2021-09-27
85,YT,Mayotte,SUB-SAHARAN AFRICA,3,0.099823,EUR,1.12675,0.11247556524999999,0.083323,0.09388419024999999,0.103723,0.11686989024999998,2021-10-19
86,PM,St. Pierre and Miquelon,CARIBBEAN,13,0.1013,EUR,1.12675,0.114139775,0.0809,0.09115407499999999,0.1193,0.134421275,2021-08-03
87,AL,Albania,EASTERN EUROPE,7,12.4,ALL,0.009344748,0.1158748752,9.5,0.08877510599999999,14.3,0.1336298964,2021-05-13
88,ME,Montenegro,EASTERN EUROPE,1,0.1032,EUR,1.12675,0.1162806,0.1032,0.1162806,0.1032,0.1162806,2021-07-06
89,NE,Niger,SUB-SAHARAN AFRICA,4,68.37,XOF,0.001713796,0.11717223252000002,59.45,0.10188517220000001,127.27,0.21811481692,2021-07-21
90,AX,Åland Islands,WESTERN EUROPE,19,0.10464999999999999,EUR,1.12675,0.11791438749999998,0.0883,0.099492025,0.1548,0.1744209,2021-05-17
91,BG,Bulgaria,EASTERN EUROPE,13,0.21595,BGN,0.57602027,0.1243915773065,0.11904,0.06856945294080001,0.260304,0.14994038036208,2021-05-20
92,CA,Canada,NORTHERN AMERICA,60,0.15899099999999997,CAD,0.78240527,0.12439539628256999,0.09827609999999998,0.07689173855504698,0.64910929,0.5078665293019583,2021-05-26
93,GH,Ghana,SUB-SAHARAN AFRICA,4,0.768639175,GHS,0.16286644,0.125185526076787,0.38312050000000003,0.06239747192602001,1.1083821999999999,0.180518263073368,2021-06-10
94,EE,Estonia,BALTICS,44,0.111344,EUR,1.12675,0.12545685199999998,0.065724,0.074054517,0.131044,0.147653827,2021-06-09
95,UG,Uganda,SUB-SAHARAN AFRICA,2,449.0,UGX,0.0002805105,0.1259492145,250.0,0.070127625,747.5,0.20968159875,2021-10-13
96,AD,Andorra,WESTERN EUROPE,36,0.112651,EUR,1.12675,0.12692951425,0.074404,0.083834707,0.157377,0.17732453474999998,2021-05-12
97,MR,Mauritania,NORTHERN AFRICA,19,4.568,MRU,0.028,0.127904,2.153,0.060284000000000004,5.97,0.16716,2021-07-14
98,IM,Isle of Man,WESTERN EUROPE,3,0.09659999999999999,GBP,1.329925,0.128470755,0.07769999999999999,0.10333517249999999,0.17745000000000002,0.23599519125000004,2021-06-17
99,CZ,Czech Republic,EASTERN EUROPE,55,2.9636199999999997,CZK,0.0440184,0.130453810608,2.10988,0.092873541792,5.95226,0.262008961584,2021-06-03
100,MA,Morocco,NORTHERN AFRICA,52,1.207887,MAD,0.10823096,0.13073076958152,0.901,0.09751609496000001,2.2441,0.242881097336,2021-06-30
101,KR,South Korea,ASIA (EX. NEAR EAST),18,158.7951,KRW,0.0008380297,0.13307501001447,55.33946999999999,0.046376119442258994,316.04220000000004,0.26485275005334,2021-06-24
102,KH,Cambodia,ASIA (EX. NEAR EAST),41,545.0,KHR,0.00024570023999999997,0.13390663079999998,380.0,0.09336609119999999,1011.1219696799999,0.24843291061964867,2021-07-12
103,RO,Romania,EASTERN EUROPE,59,0.59014,RON,0.2276404,0.134339705656,0.3142,0.07152461367999999,0.83617,0.190346073268,2021-08-11
104,CM,Cameroon,SUB-SAHARAN AFRICA,4,79.0,XAF,0.0017212260000000002,0.135976854,50.0,0.08606130000000001,99.0,0.17040137400000002,2021-06-01
105,IL,Israel,NEAR EAST,1,0.4315,ILS,0.31572931,0.136237197265,0.4315,0.136237197265,0.4315,0.136237197265,2021-07-05
106,GP,Guadeloupe,CARIBBEAN,4,0.1217556,EUR,1.12675,0.1371881223,0.10195560000000001,0.1148784723,0.1480356,0.16679911229999997,2021-07-05
107,MG,Madagascar,SUB-SAHARAN AFRICA,3,0.122,EUR,1.12675,0.1374635,0.12,0.13521,0.125,0.14084375,2021-09-08
108,FI,Finland,WESTERN EUROPE,60,0.1221372,EUR,1.12675,0.13761809009999998,0.0879372,0.09908324009999998,0.15353719999999998,0.17299804009999997,2021-06-08
109,NG,Nigeria,SUB-SAHARAN AFRICA,60,56.9965,NGN,0.0024396789,0.13905315842385,4.3,0.01049061927,76.80875,0.187388686710375,2021-07-20
110,SE,Sweden,WESTERN EUROPE,25,1.28434242,SEK,0.1099328,0.141191358389376,0.9034335400000001,0.09931697866611201,1.9016042799999997,0.20904868299238397,2021-08-23
111,CO,Colombia,SOUTH AMERICA,41,559.3126139999999,COP,0.000249058,0.139301281017612,254.410576,0.063362989237408,841.4252,0.20956367746160004,2021-06-01
112,TW,Taiwan,ASIA (EX. NEAR EAST),11,3.94,TWD,0.03598703,0.1417888982,1.63,0.0586588589,6.41,0.23067686230000004,2021-10-06
113,KY,Cayman Islands,CARIBBEAN,1,0.11850000000000001,KYD,1.200319,0.1422378015,0.11850000000000001,0.1422378015,0.11850000000000001,0.1422378015,2021-06-25
114,FJ,Fiji,OCEANIA,2,0.305349,FJD,0.4706534,0.1437135450366,0.207309,0.0975706857006,0.37070900000000007,0.17447545126060002,2021-06-08
115,CF,Central African Republic,SUB-SAHARAN AFRICA,10,83.58559999999999,XOF,0.001713796,0.1432486669376,70.9002,0.1215084791592,172.9665,0.296429295834,2021-05-31
116,TG,Togo,SUB-SAHARAN AFRICA,4,84.0,XOF,0.001713796,0.14395886400000002,63.0,0.107969148,120.0,0.20565552,2021-09-28
117,MF,Saint-Martin (France),CARIBBEAN,4,0.1289,EUR,1.12675,0.14523807499999997,0.1124,0.1266467,0.1508,0.16991389999999998,2021-11-22
118,SM,San Marino,WESTERN EUROPE,1,0.1296,EUR,1.12675,0.14602679999999998,0.1296,0.14602679999999998,0.1296,0.14602679999999998,2021-09-08
119,PA,Panama,CENTRAL AMERICA,23,0.14938,PAB,1.000322,0.14942810036,0.02336,0.02336752192,0.22788,0.22795337736,2021-07-28
120,MO,Macau,ASIA (EX. NEAR EAST),6,1.208,MOP,0.1245163,0.1504156904,0.46599999999999997,0.058024595799999995,1.313,0.16348990189999998,2021-07-12
121,LU,Luxembourg,WESTERN EUROPE,51,0.1344,EUR,1.12675,0.1514352,0.0657,0.074027475,0.245,0.27605375,2021-06-29
122,CL,Chile,SOUTH AMERICA,60,126.8325,CLP,0.0011884247,0.15073087576275,88.142,0.1047501299074,219.66699999999997,0.26105768857489997,2021-06-01
123,BL,Saint Barthélemy (St. Barts),CARIBBEAN,21,0.13624000000000003,EUR,1.12675,0.15350842,0.11083,0.12487770249999999,0.15669999999999998,0.17656172499999997,2021-05-21
124,NZ,New Zealand,OCEANIA,37,0.2253,NZD,0.6797,0.15313641,0.1137,0.07728188999999999,0.382,0.25964539999999997,2021-07-27
125,LV,Latvia,BALTICS,25,0.13683,EUR,1.12675,0.1541732025,0.1138,0.12822414999999998,0.15732904,0.17727049581999998,2021-07-19
126,JE,Jersey,WESTERN EUROPE,17,0.1169,GBP,1.329925,0.1554682325,0.083,0.110383775,0.164,0.21810770000000002,2021-06-21
127,IS,Iceland,WESTERN EUROPE,48,20.32,ISK,0.0076669477,0.155792377264,17.24,0.132178178348,27.67,0.21214444285900003,2021-06-22
128,HN,Honduras,CENTRAL AMERICA,2,3.7806881500000005,HNL,0.04134905,0.1563278633487575,3.37411425,0.13951641882896249,4.390549,0.18154503012845,2021-07-13
129,GQ,Equatorial Guinea,SUB-SAHARAN AFRICA,16,92.0,XAF,0.0017212260000000002,0.15835279200000002,63.24999999999999,0.1088675445,184.0,0.31670558400000004,2021-07-06
130,KE,Kenya,SUB-SAHARAN AFRICA,4,18.0811,KES,0.008884940000000001,0.160649488634,16.561579666666667,0.14714864164355335,25.0991,0.22300399755400002,2021-06-22
131,JO,Jordan,NEAR EAST,14,0.114,JOD,1.410455,0.16079187,0.0092,0.012976186,0.265,0.37377057500000005,2021-06-22
132,MV,Maldives,ASIA (EX. NEAR EAST),7,2.5,MVR,0.06474187,0.161854675,1.5,0.09711280500000001,4.25,0.2751529475,2021-07-14
133,RE,Réunion,SUB-SAHARAN AFRICA,4,0.1443,EUR,1.12675,0.162590025,0.1264,0.1424212,0.168,0.189294,2021-08-10
134,BQ,Caribbean Netherlands,CARIBBEAN,9,0.1632,USD,1.0,0.1632,0.14,0.14,0.3331,0.3331,2021-05-24
135,MQ,Martinique,CARIBBEAN,16,0.14516405,EUR,1.12675,0.16356359333749998,0.07819785,0.08810942748749999,0.31094120000000003,0.3503529971,2021-07-13
136,GT,Guatemala,CENTRAL AMERICA,60,1.2718720000000001,GTQ,0.1292787,0.1644259587264,0.45424000000000003,0.058723556688,2.2026177092,0.284751554042354,2021-06-11
137,SL,Sierra Leone,SUB-SAHARAN AFRICA,5,1840.0,SLL,8.991339999999999e-05,0.165440656,644.0,0.057904229599999996,2800.0,0.25175751999999996,2021-08-24
138,PH,Philippines,ASIA (EX. NEAR EAST),18,8.334,PHP,0.01984324,0.16537356216000001,2.1806,0.043270169144000004,10.026,0.19894832424,2021-08-02
139,GF,French Guiana,SOUTH AMERICA,3,0.1473,EUR,1.12675,0.16597027499999997,0.1248,0.14061839999999998,0.1738,0.19582915,2021-06-10
140,GR,Greece,EASTERN EUROPE,60,0.1486014,EUR,1.12675,0.16743662745,0.0672676,0.0757937683,0.25602179999999997,0.2884725631499999,2021-06-15
141,GI,Gibraltar,WESTERN EUROPE,1,0.128,GIP,1.3341,0.17076480000000002,0.128,0.17076480000000002,0.128,0.17076480000000002,2021-06-10
142,BI,Burundi,SUB-SAHARAN AFRICA,3,342.2,BIF,0.00050150451,0.17161484332199997,96.75999999999999,0.048525576387599995,644.28,0.3231093257028,2021-05-21
143,AU,Australia,OCEANIA,60,0.2413,AUD,0.7121149999999999,0.17183334949999998,0.1159,0.0825341285,0.5492,0.391093558,2021-05-17
144,SI,Slovenia,EASTERN EUROPE,1,0.1533,EUR,1.12675,0.17273077499999998,0.1533,0.17273077499999998,0.1533,0.17273077499999998,2021-08-23
145,HK,Hong Kong,ASIA (EX. NEAR EAST),26,1.3499999999999999,HKD,0.12821129,0.1730852415,0.8320000000000001,0.10667179328000001,2.101,0.26937192029,2021-06-14
146,FR,France,WESTERN EUROPE,21,0.1537,EUR,1.12675,0.173181475,0.1121,0.126308675,0.2065,0.23267387499999997,2021-06-09
147,LT,Lithuania,BALTICS,29,0.1538,EUR,1.12675,0.17329414999999998,0.104,0.11718199999999998,0.218,0.24563149999999997,2021-06-29
148,TD,Chad,SUB-SAHARAN AFRICA,2,101.0,XAF,0.0017212260000000002,0.173843826,85.0,0.14630421000000002,125.0,0.21515325000000002,2021-10-13
149,GG,Guernsey,WESTERN EUROPE,8,0.1307,GBP,1.329925,0.17382119750000002,0.0857,0.1139745725,0.2067,0.2748954975,2021-06-10
150,AW,Aruba,CARIBBEAN,3,0.3199,AWG,0.5554055999999999,0.17767425144,0.3109,0.17267560104,0.4209,0.23377021703999998,2021-05-17
151,SN,Senegal,SUB-SAHARAN AFRICA,6,104.61,XOF,0.001713796,0.17928019956000002,91.17,0.15624678132,124.62,0.21357325752,2021-08-25
152,MC,Monaco,WESTERN EUROPE,3,0.1601,EUR,1.12675,0.18039267499999997,0.1214,0.13678744999999998,0.1728,0.1947024,2021-06-30
153,MT,Malta,WESTERN EUROPE,5,0.1607,EUR,1.12675,0.18106872499999999,0.1047,0.117970725,0.6076,0.6846133,2021-07-14
154,PS,"Palestine, State of",NEAR EAST,7,0.57345,ILS,0.31572931,0.1810549728195,0.5065,0.159916895515,0.7444,0.23502889836399998,2021-08-04
155,GA,Gabon,SUB-SAHARAN AFRICA,9,106.69,XOF,0.001713796,0.18284489524,55.02,0.09429305592000001,147.14,0.25216794344,2021-06-09
156,VC,Saint Vincent and the Grenadines,CARIBBEAN,3,0.5,XCD,0.3700209,0.18501045,0.425,0.1572588825,0.58,0.214612122,2021-10-14
157,CC,Cocos (Keeling) Islands,OCEANIA,5,0.262026,AUD,0.7121149999999999,0.18659264498999997,0.22716,0.16176404339999997,0.290837,0.207109390255,2021-05-26
158,CK,Christmas Island,ASIA (EX. NEAR EAST),5,0.262026,AUD,0.7121149999999999,0.18659264498999997,0.22716,0.16176404339999997,0.290837,0.207109390255,2021-06-02
159,GU,Guam,OCEANIA,2,0.18759399999999998,USD,1.0,0.18759399999999998,0.17955,0.17955,0.19965999999999998,0.19965999999999998,2021-06-14
160,BZ,Belize,CENTRAL AMERICA,7,0.39,BZD,0.49628989999999995,0.193553061,0.22,0.109183778,0.495,0.24566350049999996,2021-05-26
161,UY,Uruguay,SOUTH AMERICA,9,8.535,UYU,0.022635,0.193189725,3.765,0.085220775,11.675,0.264263625,2021-10-18
162,SG,Singapore,ASIA (EX. NEAR EAST),1,0.267714,SGD,0.7296549999999999,0.19533885866999998,0.267714,0.19533885866999998,0.267714,0.19533885866999998,2021-08-23
163,BJ,Benin,SUB-SAHARAN AFRICA,3,114.0,XOF,0.001713796,0.19537274400000001,83.0,0.142245068,120.0,0.20565552,2021-05-21
164,AT,Austria,WESTERN EUROPE,58,0.17425,EUR,1.12675,0.19633618749999998,0.14545,0.1638857875,0.20653,0.23270767749999996,2020-05-17
165,PG,Papua New Guinea,OCEANIA,3,0.6968,PGK,0.28328611,0.19739376144799997,0.4987,0.14127478305699998,0.8475,0.240084978225,2021-08-02
166,ES,Spain,WESTERN EUROPE,60,0.17691585450000002,EUR,1.12675,0.199339939057875,0.012196799999999997,0.013742744399999996,0.343565,0.38711186375,2021-06-08
167,GM,Gambia,SUB-SAHARAN AFRICA,4,10.49,GMD,0.019083969000000003,0.20019083481000002,10.14,0.19351144566000003,11.54,0.22022900226000003,2021-07-05
168,PT,Portugal,WESTERN EUROPE,60,0.178227,EUR,1.12675,0.20081727224999998,0.095817,0.10796180474999999,0.413649,0.46607901074999997,2021-08-09
169,IT,Italy,WESTERN EUROPE,60,0.178317,EUR,1.12675,0.20091867975,0.1308993,0.14749078627499998,0.274809,0.30964104075,2021-07-12
170,CY,Cyprus,NEAR EAST,6,0.1844947575,EUR,1.12675,0.20787946801312499,0.1687867575,0.190180479013125,0.21507775750000002,0.242338863263125,2021-06-02
171,JP,Japan,ASIA (EX. NEAR EAST),60,23.96,JPY,0.00879605,0.210753358,13.21,0.1161958205,40.96,0.360286208,2021-06-25
172,IE,Ireland,WESTERN EUROPE,60,0.1886,EUR,1.12675,0.21250504999999997,0.0939,0.10580182499999999,0.2444,0.2753777,2021-06-15
173,NI,Nicaragua,CENTRAL AMERICA,39,7.500539391666665,NIO,0.028388928,0.21293227275118876,1.97832315,0.056162473466083204,15.443011899999998,0.4384105529322432,2021-07-26
174,BF,Burkina Faso,SUB-SAHARAN AFRICA,9,127.44,XOF,0.001713796,0.21840616224,88.5,0.151670946,162.84,0.27907454064000004,2021-05-20
175,VG,Virgin Islands (British),CARIBBEAN,4,0.225,USD,1.0,0.225,0.1675,0.1675,0.24,0.24,2021-10-14
176,LI,Liechtenstein,WESTERN EUROPE,3,0.2106,CHF,1.08093,0.227643858,0.19890000000000002,0.214996977,0.2574,0.278231382,2021-06-29
177,DO,Dominican Republic,CARIBBEAN,7,12.9,DOP,0.017663163000000003,0.22785480270000005,3.57,0.06305749191000001,28.29,0.49969088127000005,2021-07-05
178,SV,El Salvador,CENTRAL AMERICA,12,0.22871426,USD,1.0,0.22871426,0.20354012000000002,0.20354012000000002,0.298811437,0.298811437,2021-08-31
179,NR,Nauru,OCEANIA,2,0.31999999999999995,AUD,0.7121149999999999,0.22787679999999993,0.22,0.15666529999999998,0.47,0.33469404999999997,2021-07-27
180,DM,Dominica,CARIBBEAN,2,0.627625,XCD,0.3700209,0.2322343673625,0.58,0.214612122,0.7705000000000001,0.28510110345,2021-06-07
181,MP,Northern Mariana Islands,OCEANIA,3,0.23285,USD,1.0,0.23285,0.15685,0.15685,0.29385,0.29385,2021-07-12
182,RW,Rwanda,SUB-SAHARAN AFRICA,3,212.0,RWF,0.00097,0.20564000000000002,89.0,0.08633,249.0,0.24153000000000002,2021-08-17
183,CH,Switzerland,WESTERN EUROPE,60,0.21789999999999998,CHF,1.08093,0.23553464699999996,0.1348,0.145709364,0.3679,0.397674147,2021-05-31
184,GY,Guyana,SOUTH AMERICA,3,49.5102,GYD,0.004786253000000001,0.2369683432806,44.574000000000005,0.21334244122200005,100.0,0.4786253000000001,2021-07-12
185,CV,Cape Verde,SUB-SAHARAN AFRICA,10,23.200000000000003,CVE,0.010188487000000001,0.23637289840000006,14.77,0.15048395299,33.19,0.33815588353000003,2021-06-03
186,BE,Belgium,WESTERN EUROPE,60,0.21620500000000004,EUR,1.12675,0.24360898375000004,0.14419,0.1624660825,0.324396,0.365513193,2021-05-20
187,AI,Anguilla,CARIBBEAN,4,0.6741,XCD,0.3700209,0.24943108869,0.5457000000000001,0.20192040513,0.7597,0.28110487773,2021-05-13
188,GL,Greenland,NORTHERN AMERICA,1,1.65,DKK,0.1515152,0.25000007999999996,1.65,0.25000007999999996,1.65,0.25000007999999996,2021-06-11
189,JM,Jamaica,CARIBBEAN,18,38.9781,JMD,0.006424466,0.25041347819459997,28.003999999999998,0.179910745864,52.218781818181824,0.33547778835232733,2021-06-21
190,GB,United Kingdom,WESTERN EUROPE,60,0.1886,GBP,1.329925,0.250823855,0.09668,0.128577149,0.226,0.30056305,2021-06-09
191,SC,Seychelles,SUB-SAHARAN AFRICA,15,3.45,SCR,0.06808231000000001,0.23488396950000004,1.52,0.10348511120000001,4.5,0.306370395,2021-09-09
192,PF,French Polynesia,OCEANIA,9,27.5,XPF,0.009403048,0.25858382,17.0,0.159851816,42.0,0.39492801600000005,2021-08-02
193,HT,Haiti,CARIBBEAN,1,26.18,HTG,0.01013964,0.2654557752,26.18,0.2654557752,26.18,0.2654557752,2021-07-05
194,AS,American Samoa,OCEANIA,1,0.26543,USD,1.0,0.26543,0.26543,0.26543,0.26543,0.26543,2021-05-14
195,PW,Palau,OCEANIA,1,0.27,USD,1.0,0.27,0.27,0.27,0.27,0.27,2021-09-08
196,TV,Tuvalu,OCEANIA,6,0.38,AUD,0.7121149999999999,0.2706037,0.29,0.20651334999999996,0.56,0.3987844,2021-10-06
197,LC,Saint Lucia,CARIBBEAN,2,0.736,XCD,0.3700209,0.2723353824,0.716,0.2649349644,0.766,0.2834360094,2021-06-28
198,TC,Turks and Caicos Islands,CARIBBEAN,5,0.273,USD,1.0,0.273,0.25,0.25,0.28,0.28,2021-09-27
199,FO,Faroe Islands,WESTERN EUROPE,4,1.85,DKK,0.1515152,0.28030312,1.45,0.21969703999999998,1.95,0.29545464,2021-06-08
200,NL,The Netherlands,WESTERN EUROPE,23,0.24984,EUR,1.12675,0.28150722,0.15037899999999998,0.16943953824999997,0.36361,0.40969756749999997,2021-07-26
201,WS,Samoa,OCEANIA,3,0.76,WST,0.384355,0.29210980000000003,0.62,0.2383001,0.76,0.29210980000000003,2021-10-15
202,MS,Montserrat,CARIBBEAN,2,0.7701000000000001,XCD,0.3700209,0.28495309509000005,0.7401,0.27385246808999997,0.8101,0.29975393109,2021-07-14
203,BS,Bahamas,CARIBBEAN,12,0.28504,BSD,0.9999587,0.285028227848,0.2145,0.21449114114999998,0.40387200000000006,0.40385532008640007,2021-05-25
204,KI,Kiribati,OCEANIA,3,0.4,AUD,0.7121149999999999,0.284846,0.1,0.0712115,0.55,0.39166325,2021-07-13
205,SX,Sint Maarten,CARIBBEAN,1,0.517,ANG,0.5551256999999999,0.2869999869,0.517,0.2869999869,0.517,0.2869999869,2021-09-17
206,DJ,Djibouti,SUB-SAHARAN AFRICA,20,51.36,DJF,0.005619440000000001,0.2886144384,27.0,0.15172488,58.85,0.33070404400000003,2021-06-04
207,GD,Grenada,CARIBBEAN,4,0.7877000000000001,XCD,0.3700209,0.29146546293000003,0.690125,0.2553606736125,0.8485550000000001,0.3139830847995,2021-06-09
208,LR,Liberia,SUB-SAHARAN AFRICA,2,0.2992,USD,1.0,0.2992,0.24200000000000002,0.24200000000000002,0.385,0.385,2021-07-13
209,KM,Comoros,SUB-SAHARAN AFRICA,2,133.56,KMF,0.0022870240000000003,0.30545492544,126.0,0.28816502400000005,138.6,0.31698152640000005,2021-07-13
210,FK,Falkland Islands,SOUTH AMERICA,1,0.23,FKP,1.329925,0.30588275000000004,0.23,0.30588275000000004,0.23,0.30588275000000004,2021-06-08
211,DE,Germany,WESTERN EUROPE,60,0.2864,EUR,1.12675,0.32270119999999997,0.232,0.26140599999999997,0.3327,0.374869725,2021-06-03
212,GW,Guinea-Bissau,SUB-SAHARAN AFRICA,5,188.36999999999998,XOF,0.001713796,0.32282775251999996,94.77,0.16241644692,376.73999999999995,0.6456555050399999,2021-07-13
213,BB,Barbados,CARIBBEAN,4,0.670014238435,BBD,0.49546199999999996,0.33196659460348193,0.610214238435,0.3023379670034819,0.7804142384349999,0.3866655994034819,2021-05-21
214,KN,Saint Kitts and Nevis,CARIBBEAN,6,0.9008999999999999,XCD,0.3700209,0.33335182881,0.8599499999999999,0.31819947295499995,0.9243,0.34201031786999997,2021-09-17
215,BM,Bermuda,NORTHERN AMERICA,3,0.34244,BMD,1.0,0.34244,0.25534,0.25534,0.44384000000000007,0.44384000000000007,2021-05-20
216,MH,Marshall Islands,OCEANIA,1,0.346,USD,1.0,0.346,0.346,0.346,0.346,0.346,2021-07-07
217,DK,Denmark,WESTERN EUROPE,60,2.31,DKK,0.1515152,0.350000112,1.8526,0.28069705951999996,2.627,0.3980304303999999,2021-06-04
218,TO,Tonga,OCEANIA,1,0.8071,TOP,0.43829999999999997,0.35375193,0.8071,0.35375193,0.8071,0.35375193,2021-10-08
219,AG,Antigua and Barbuda,CARIBBEAN,2,0.992,XCD,0.3700209,0.36706073279999996,0.98,0.36262048199999997,1.0,0.3700209,2021-07-06
220,ML,Mali,SUB-SAHARAN AFRICA,3,218.667,XOF,0.001713796,0.37475062993200003,206.667,0.354185077932,248.667,0.426164509932,2021-07-12
221,CU,Cuba,CARIBBEAN,17,9.2,CUP,0.042,0.3864,0.33,0.01386,20.0,0.8400000000000001,2021-06-07
222,VI,Virgin Islands (U.S.),CARIBBEAN,2,0.41059999999999997,USD,1.0,0.41059999999999997,0.4,0.4,0.4265,0.4265,2021-10-14
223,SO,Somalia,SUB-SAHARAN AFRICA,2,0.41200000000000003,USD,1.0,0.41200000000000003,0.36,0.36,0.49,0.49,2021-09-09
224,CW,Curaçao,CARIBBEAN,3,0.75558,ANG,0.5551256999999999,0.41944187640599995,0.643965,0.3574815214005,0.8019900000000001,0.445205260143,2021-06-02
225,NU,Niue,OCEANIA,1,0.443,USD,1.0,0.443,0.443,0.443,0.443,0.443,2021-09-08
226,FM,Micronesia (Federated States of),OCEANIA,16,0.4840625,USD,1.0,0.4840625,0.3712,0.3712,1.0949,1.0949,2021-07-05
227,CK,Cook Islands,OCEANIA,3,0.77,NZD,0.6797,0.523369,0.53,0.360241,0.79,0.536963,2021-09-16
228,VU,Vanuatu,OCEANIA,3,67.05,VUV,0.008821,0.59144805,18.84,0.16618764000000003,166.23,1.46631483,2021-10-15
229,SH,Saint Helena,SUB-SAHARAN AFRICA,3,0.46,SHP,1.33,0.6118,0.3,0.399,0.46,0.6118,2021-08-23
230,SB,Solomon Islands,OCEANIA,6,5.58,SBD,0.124,0.69192,2.42,0.30008,6.54,0.81096,2021-08-17
